{"mKnots":[180,254,314,423,700],"mXmapping":[{"coefficients":[2.59668336E2,-3.29816703E-2,-2.60942583E-6,-9.7714675E-11]},{"coefficients":[3.19089166E2,-2.58149417E-2,-4.2007489E-6,1.9879749E-10]},{"coefficients":[4.23438217E2,-4.55359918E-2,-5.48750854E-6,2.30460582E-10]},{"coefficients":[6.7786194E2,-1.06910061E-1,-9.88122666E-6,5.99226764E-10]}]}